DMSUIVIOTSNUM;DMSUIVICODEANO;DMSUIVILIBANO;DMSUIVIMEMO;DMSUIVIDATE;DMSSUIVIIMPORTDATE;DMSSUIVIANDSOFT;DMSSUIVIVOYBDX;DMSPOSGPS;DSSID;DMSCODECHAUFFEUR
1604027445;RAMCFM;;;12/04/2016 15:21:00;13/04/2016 07:34:37;13/04/2016 07:37:10;GR1601412024;;238087;LOPEZS
1604029891;LIVCFM;;;13/04/2016 08:18:00;13/04/2016 08:20:36;13/04/2016 08:22:08;GR1601414844;"45,76859051;5,02058929";238104;LOPEZS
1604029925;LIVCFM;;;13/04/2016 08:18:00;13/04/2016 08:20:36;13/04/2016 08:22:08;GR1601414844;"45,76859052;5,02058932";238105;LOPEZS
1604025546;LIVCFM;;;13/04/2016 08:32:00;13/04/2016 08:33:59;13/04/2016 08:37:06;GR1601414830;"45,18538265;5,70248386";238116;GRUPPALOP
1604029223;LIVCFM;;;13/04/2016 08:32:00;13/04/2016 08:33:59;13/04/2016 08:37:06;GR1601414830;"45,18433;5,70249081";238117;GRUPPALOP
1604025191;LIVCFM;;;13/04/2016 08:42:00;13/04/2016 08:43:43;13/04/2016 08:47:03;GR1601414843;"45,65646342;4,75375919";238118;DELATTREP
1604021773;LIVCFM;;;13/04/2016 08:50:00;13/04/2016 08:51:59;13/04/2016 08:52:02;GR1601414830;"45,14893567;5,69095381";238120;GRUPPALOP
1604027445;LIVCFM;;;13/04/2016 08:51:00;13/04/2016 08:52:37;13/04/2016 08:57:02;GR1601414844;"45,75994665;5,02379247";238121;LOPEZS
1604029232;LIVCFM;;;13/04/2016 08:49:00;13/04/2016 08:58:57;13/04/2016 09:02:00;GR1601414845;;238125;MAMEUR
1604029912;LIVCFM;;;13/04/2016 08:58:00;13/04/2016 09:10:55;13/04/2016 09:12:08;GR1601414845;"45,644681;4,90346386";238131;MAMEUR
1604029227;LIVCFM;;;13/04/2016 09:11:00;13/04/2016 09:11:54;13/04/2016 09:12:08;GR1601414843;"45,67297135;4,78197703";238133;DELATTREP
1604027294;LIVCFM;;;13/04/2016 09:10:00;13/04/2016 09:12:35;13/04/2016 09:17:07;GR1601414844;"45,7767023;5,02097042";238134;LOPEZS
1604025990;LIVCFM;;;13/04/2016 09:16:00;13/04/2016 09:18:00;13/04/2016 09:22:06;GR1601414830;"45,13767099;5,68988954";238136;GRUPPALOP
1604029881;LIVCFM;;;13/04/2016 09:38:00;13/04/2016 09:38:35;13/04/2016 09:42:02;GR1601414844;"45,74564259;5,06712101";238161;LOPEZS
1604026023;LIVCFM;;;13/04/2016 09:49:00;13/04/2016 09:49:59;13/04/2016 09:52:09;GR1601414830;"45,13886546;5,71099902";238177;GRUPPALOP
1604025544;LIVCFM;;;13/04/2016 09:49:00;13/04/2016 09:49:59;13/04/2016 09:52:09;GR1601414830;"45,13886563;5,71099447";238178;GRUPPALOP
1604027247;LIVCFM;;;13/04/2016 09:52:00;13/04/2016 09:55:15;13/04/2016 09:57:08;GR1601414843;"45,69469103;4,81210635";238194;DELATTREP
1604028940;LIVCFM;;;13/04/2016 09:55:00;13/04/2016 09:56:37;13/04/2016 09:57:08;GR1601414844;"45,74736702;5,06571499";238202;LOPEZS
1604029903;LIVCFM;;;13/04/2016 09:58:00;13/04/2016 09:59:49;13/04/2016 10:02:06;GR1601414843;"45,69468951;4,81210528";238208;DELATTREP
1604028939;LIVCFM;;;13/04/2016 09:50:00;13/04/2016 10:00:41;13/04/2016 10:02:06;GR1601414845;"45,67417755;4,90658252";238212;MAMEUR
1604029886;LIVCFM;;;13/04/2016 10:34:00;13/04/2016 10:36:38;13/04/2016 10:37:08;GR1601414844;"45,76505033;5,07708985";238283;LOPEZS
1604027276;LIVCFM;;;13/04/2016 11:15:00;13/04/2016 11:20:02;13/04/2016 11:22:07;GR1601414845;"45,71237091;4,89955265";238381;MAMEUR
1604031284;RAMCFM;;;13/04/2016 15:35:00;13/04/2016 15:37:33;13/04/2016 15:42:09;GR1601414844;"45,7182153;4,99129818";238705;LOPEZS
1604031316;RAMCFM;;;13/04/2016 15:35:00;13/04/2016 15:37:33;13/04/2016 15:42:09;GR1601414844;"45,71823315;4,99126109";238706;LOPEZS
1604031344;RAMCFM;;;13/04/2016 15:35:00;13/04/2016 15:37:33;13/04/2016 15:42:09;GR1601414844;"45,7182489;4,99119564";238707;LOPEZS
1604031715;RAMCFM;;;13/04/2016 15:35:00;13/04/2016 15:37:33;13/04/2016 15:42:09;GR1601414844;"45,71825985;4,99114932";238708;LOPEZS
1604030544;RAMCFM;;;13/04/2016 15:37:00;13/04/2016 15:38:08;13/04/2016 15:42:09;GR1601414830;"45,71866126;4,99063362";238710;GRUPPALOP
1604030549;RAMCFM;;;13/04/2016 15:37:00;13/04/2016 15:38:08;13/04/2016 15:42:09;GR1601414830;"45,7186577;4,99061027";238711;GRUPPALOP
1604030682;RAMCFM;;;13/04/2016 15:42:00;13/04/2016 15:51:16;13/04/2016 15:52:10;GR1601414845;"45,92978819;4,73501537";238726;MAMEUR
1604030704;RAMCFM;;;13/04/2016 15:42:00;13/04/2016 15:51:16;13/04/2016 15:52:10;GR1601414845;"45,92979011;4,73501699";238727;MAMEUR
1604030707;RAMCFM;;;13/04/2016 15:42:00;13/04/2016 15:51:16;13/04/2016 15:52:10;GR1601414845;"45,92979004;4,73501693";238728;MAMEUR
1604030710;RAMCFM;;;13/04/2016 15:42:00;13/04/2016 15:51:16;13/04/2016 15:52:10;GR1601414845;"45,92979001;4,73501693";238729;MAMEUR
1604030852;RAMCFM;;;13/04/2016 15:42:00;13/04/2016 15:51:16;13/04/2016 15:52:10;GR1601414845;"45,92978992;4,73501686";238730;MAMEUR
1604030885;RAMCFM;;;13/04/2016 15:42:00;13/04/2016 15:51:17;13/04/2016 15:52:10;GR1601414845;"45,92978986;4,73501682";238731;MAMEUR
1604030892;RAMCFM;;;13/04/2016 15:42:00;13/04/2016 15:51:17;13/04/2016 15:52:10;GR1601414845;"45,92978981;4,7350168";238732;MAMEUR
1604020677;LIVCFM;;;13/04/2016 16:28:00;13/04/2016 16:29:41;13/04/2016 16:32:00;GR1601414843;"45,34261928;4,7947368";238772;DELATTREP
1604027247;RAMCFM;;;12/04/2016 15:22:00;12/04/2016 15:27:34;12/04/2016 15:32:08;GR1601412025;"45,64332261;5,10633199";237914;DELATTREP
1604027276;RAMCFM;;;12/04/2016 15:22:00;12/04/2016 15:27:35;12/04/2016 15:32:08;GR1601412025;"45,6433238;5,10633112";237916;MAMEUR
1604027276;RAMCFM;;;12/04/2016 15:22:00;12/04/2016 15:27:35;12/04/2016 15:32:08;GR1601412025;"45,6433238;5,10633112";237916;MAMEUR
1604027276;LIVCFM;;;13/04/2016 11:15:00;13/04/2016 11:20:02;13/04/2016 11:22:07;GR1601414845;"45,71237091;4,89955265";238381;MAMEUR
1604029233;LIVCFM;;;13/04/2016 11:53:00;13/04/2016 12:02:57;13/04/2016 12:07:09;GR1601414845;"45,69445911;4,92012041";238464;MAMEUR
1604031268;RAMCFM;;;13/04/2016 14:31:00;13/04/2016 14:33:31;13/04/2016 14:37:05;GR1601414844;"45,76362169;5,03588279";238621;LOPEZS
1604031353;RAMCFM;;;13/04/2016 14:31:00;13/04/2016 14:33:31;13/04/2016 14:37:05;GR1601414844;"45,76314089;5,03560189";238622;LOPEZS
1604030590;RAMCFM;;;13/04/2016 15:06:00;13/04/2016 15:08:11;13/04/2016 15:12:08;GR1601414830;"45,77806929;5,03526747";238661;GRUPPALOP
1604031556;RAMCFM;;;13/04/2016 15:06:00;13/04/2016 15:08:11;13/04/2016 15:12:08;GR1601414830;"45,77775089;5,03572812";238662;GRUPPALOP
1604031096;RAMCFM;;;13/04/2016 15:06:00;13/04/2016 15:08:11;13/04/2016 15:12:08;GR1601414830;"45,77723978;5,0361512";238663;GRUPPALOP
1604030660;RAMCFM;;;13/04/2016 15:06:00;13/04/2016 15:08:11;13/04/2016 15:12:08;GR1601414830;"45,77683084;5,03653508";238664;GRUPPALOP
